# ************************************************************
# Sequel Pro SQL dump
# Version 4541
#
# http://www.sequelpro.com/
# https://github.com/sequelpro/sequelpro
#
# Host: 127.0.0.1 (MySQL 5.7.22-0ubuntu0.16.04.1)
# Database: chitchat
# Generation Time: 2020-04-27 16:02:40 +0000
# ************************************************************


/*!40101 SET @OLD_CHARACTER_SET_CLIENT=@@CHARACTER_SET_CLIENT */;
/*!40101 SET @OLD_CHARACTER_SET_RESULTS=@@CHARACTER_SET_RESULTS */;
/*!40101 SET @OLD_COLLATION_CONNECTION=@@COLLATION_CONNECTION */;
/*!40101 SET NAMES utf8 */;
/*!40014 SET @OLD_FOREIGN_KEY_CHECKS=@@FOREIGN_KEY_CHECKS, FOREIGN_KEY_CHECKS=0 */;
/*!40101 SET @OLD_SQL_MODE=@@SQL_MODE, SQL_MODE='NO_AUTO_VALUE_ON_ZERO' */;
/*!40111 SET @OLD_SQL_NOTES=@@SQL_NOTES, SQL_NOTES=0 */;


# Dump of table applications
# ------------------------------------------------------------

DROP TABLE IF EXISTS `applications`;

CREATE TABLE `applications` (
  `id` int(11) unsigned NOT NULL AUTO_INCREMENT,
  `from_id` int(11) DEFAULT NULL,
  `to_id` int(11) DEFAULT NULL,
  `user_id` int(11) DEFAULT NULL,
  `type` int(1) DEFAULT NULL COMMENT '1加好友申请2加群申请',
  `status` int(1) DEFAULT '0' COMMENT '0未处理1同意2拒绝',
  `remark` varchar(191) CHARACTER SET utf8mb4 COLLATE utf8mb4_unicode_ci DEFAULT '暂无' COMMENT '备注',
  `created_at` timestamp NOT NULL DEFAULT CURRENT_TIMESTAMP ON UPDATE CURRENT_TIMESTAMP,
  `updated_at` timestamp NOT NULL DEFAULT CURRENT_TIMESTAMP ON UPDATE CURRENT_TIMESTAMP,
  PRIMARY KEY (`id`)
) ENGINE=InnoDB DEFAULT CHARSET=utf8;

LOCK TABLES `applications` WRITE;
/*!40000 ALTER TABLE `applications` DISABLE KEYS */;

INSERT INTO `applications` (`id`, `from_id`, `to_id`, `user_id`, `type`, `status`, `remark`, `created_at`, `updated_at`)
VALUES
	(46,1,9,9,1,0,'curry请求添加您为好友','2020-04-25 02:51:55','2020-04-25 02:51:55'),
	(47,1,8,8,1,0,'curry请求添加您为好友','2020-04-25 02:52:18','2020-04-25 02:52:18'),
	(86,7,1,1,1,1,'lisi请求添加您为好友','2020-04-25 13:04:35','2020-04-25 13:04:35'),
	(87,1,6,6,1,0,'curry请求添加您为好友','2020-04-25 14:03:26','2020-04-25 14:03:26'),
	(88,7,2,2,1,1,'lisi请求添加您为好友','2020-04-25 14:17:11','2020-04-25 14:17:11'),
	(89,1,17,17,1,0,'curry请求添加您为好友','2020-04-27 13:52:04','2020-04-27 13:52:04'),
	(90,1,11,11,1,0,'curry请求添加您为好友','2020-04-27 13:52:18','2020-04-27 13:52:18'),
	(91,1,12,12,1,0,'curry请求添加您为好友','2020-04-27 13:52:23','2020-04-27 13:52:23'),
	(92,1,13,13,1,0,'curry请求添加您为好友','2020-04-27 13:52:26','2020-04-27 13:52:26'),
	(93,1,14,14,1,0,'curry请求添加您为好友','2020-04-27 13:52:31','2020-04-27 13:52:31'),
	(94,1,15,15,1,1,'curry请求添加您为好友','2020-04-27 22:41:59','2020-04-27 22:41:59');

/*!40000 ALTER TABLE `applications` ENABLE KEYS */;
UNLOCK TABLES;


# Dump of table chat_records
# ------------------------------------------------------------

DROP TABLE IF EXISTS `chat_records`;

CREATE TABLE `chat_records` (
  `id` int(11) NOT NULL AUTO_INCREMENT,
  `uuid` varchar(64) COLLATE utf8mb4_bin NOT NULL,
  `send_time` timestamp NOT NULL DEFAULT CURRENT_TIMESTAMP ON UPDATE CURRENT_TIMESTAMP,
  `content` text COLLATE utf8mb4_bin NOT NULL,
  `from_id` int(11) NOT NULL,
  `to_id` int(11) NOT NULL,
  `type` int(1) NOT NULL DEFAULT '0' COMMENT 'type等于1说明单聊，to指向单聊对象，2的时候表示群聊to表示群id',
  `content_type` int(1) DEFAULT '1' COMMENT '聊天内容分类1文本2文件3表情',
  PRIMARY KEY (`id`)
) ENGINE=InnoDB DEFAULT CHARSET=utf8mb4 COLLATE=utf8mb4_bin;

LOCK TABLES `chat_records` WRITE;
/*!40000 ALTER TABLE `chat_records` DISABLE KEYS */;

INSERT INTO `chat_records` (`id`, `uuid`, `send_time`, `content`, `from_id`, `to_id`, `type`, `content_type`)
VALUES
	(1863,X'34363632623561352D386365382D343536632D373339352D646636613134643339353731','2020-04-22 13:43:25',X'E4BDA0E5A5BDE5958A',1,1,1,1),
	(1865,X'36616137356466332D626531342D343736612D363739612D303031333234386562393366','2020-04-22 13:43:52',X'E59388E59388E59388',1,2,1,1),
	(1872,X'63636666343632632D323232352D343866362D373463632D376565303233313134393366','2020-04-22 15:10:56',X'E5A5BDE79A84',1,2,1,1),
	(1879,X'39353462663538652D353139322D343634362D363838322D316464653163353861353965','2020-04-22 15:15:43',X'E5B9B6E4B88DE698AFE5BE88E5A5BD',1,2,1,1),
	(1880,X'38306634333939342D343164612D346264372D353365332D633536656332303433333230','2020-04-22 15:16:23',X'E5A5BDE4BA86E595A6',2,1,1,1),
	(1882,X'38653063383163642D343965372D343039382D373937332D623530333232313939646434','2020-04-23 13:48:55',X'646464',1,2,1,1),
	(1895,X'62386461663730332D303539662D346235662D356132372D313162393564633634376466','2020-04-23 13:54:32',X'E4BDA0E5A5BDE5958A20',1,2,1,1),
	(1896,X'37396633613032632D366638612D343562342D376436662D336631333434383534323230','2020-04-23 13:54:32',X'E4BDA0E5A5BDE5958A20',1,2,1,1),
	(1897,X'39346337363039392D656166642D346635372D353339372D616662623564646566346338','2020-04-23 13:54:32',X'E4BDA0E5A5BDE5958A20',1,2,1,1),
	(1898,X'33653663653133632D633931382D343939322D373533642D303666323234623866663236','2020-04-23 13:54:57',X'E7A59EE7A59EE98193E98193',1,2,1,1),
	(1899,X'30663431653463662D343464342D346638662D356265312D613638393031633662326266','2020-04-23 13:54:57',X'E7A59EE7A59EE98193E98193',1,2,1,1),
	(1900,X'65346435636639302D383637612D343966362D356133332D623337336633363937323931','2020-04-23 13:55:51',X'E58F91E98081E68890E58A9FE4BA86',1,2,1,1),
	(1901,X'37633663633838362D316136322D343065302D343436632D343265366434363639373630','2020-04-23 13:58:59',X'3131',1,2,1,1),
	(1902,X'30663830316361622D666362352D346666322D343362382D643132346461366163363033','2020-04-23 13:59:07',X'3131',1,2,1,1),
	(1903,X'65373837663934312D636163612D346336392D353938332D386362633230346634333363','2020-04-23 13:59:08',X'3131',1,2,1,1),
	(1904,X'34636663326262652D663264322D343231662D366630612D653664323035303366613266','2020-04-23 13:59:16',X'36363636',1,2,1,1),
	(1906,X'65643231653463302D303436312D346132362D363762342D643236623964643066393466','2020-04-23 14:04:00',X'E4BDA0E5A5BDE5958A',1,4,1,1),
	(1907,X'39616264376630392D316662632D343665352D366663632D333436333235393461663534','2020-04-23 14:04:45',X'776F627573686920',1,4,1,1),
	(1908,X'30343366393331302D323964612D346437622D376238662D613565323136346463393665','2020-04-23 14:06:00',X'7A68657965',1,2,1,1),
	(1909,X'34633339383437322D376334372D343933352D376236662D616535316164616537343338','2020-04-23 14:06:23',X'E5A4AAE685A2E4BA86',1,2,1,1),
	(1910,X'62393036336463662D366431362D343265302D373237362D336161303565316238663630','2020-04-24 02:09:05',X'3132343233',1,2,1,1),
	(1911,X'39383439643935652D383863652D343537622D373237322D616261643132643538343638','2020-04-24 02:20:17',X'E4BDA0E5A5BDE5958A',1,2,1,1),
	(1912,X'33313738393736312D613337662D346363642D353337612D386132363163323666666135','2020-04-24 02:21:42',X'E4BDA0E5A5BDE5958A',1,2,1,1),
	(1913,X'32393561383733312D333835362D343435612D363139662D633036623761336337333262','2020-04-24 02:22:55',X'E79C9FE79A84E4B88DE59CA8E7BABFE5958A',1,2,1,1),
	(1914,X'35396363313831392D396233352D343363662D376330362D633637626361343334303464','2020-04-24 02:24:26',X'E7A1AEE5AE9EE4B88DE59CA8E7BABFE68A8A',1,1,1,1),
	(1915,X'30623533316238652D373037392D346164652D353833322D353130356162653536366432','2020-04-24 02:24:43',X'E7A1AEE5AE9EE4B88DE59CA8E7BABFE68A8A3131',1,1,1,1),
	(1916,X'39393434393262652D353530382D343261342D363535392D663238353665303538663164','2020-04-24 02:25:23',X'E7BEA4E5928C73696E67E5958A',1,4,1,1),
	(1917,X'39306137376431352D363231352D343935612D353264342D636462313531353366653162','2020-04-24 02:28:01',X'E4BDA0E5A5BDE5958A',1,4,1,1),
	(1918,X'35383861623964342D346236332D343134612D353432642D616332343364383938663632','2020-04-24 02:34:04',X'E4B88DE79FA5E98193E4B8BAE595A5',1,4,1,1),
	(1920,X'32623534316130352D333364332D346630652D353336652D366366313436626366653436','2020-04-24 02:34:56',X'E4B88DE79FA5E98193E4B8BAE595A5',1,4,1,1),
	(1921,X'31393330396533302D303736612D343166302D366234392D633261636131636432373461','2020-04-24 02:37:31',X'3333',1,2,1,1),
	(1922,X'63373366363935612D356236662D346533382D343432342D333038343835353236393434','2020-04-24 02:45:53',X'333434',1,2,1,1),
	(1928,X'34363939643831382D663234612D346537392D373531362D333939366234663836663433','2020-04-24 02:57:58',X'68E5A5BDE4BA86',1,2,1,1),
	(1929,X'61373937353762632D613336622D346262392D353165332D626162356166313238663431','2020-04-24 03:00:04',X'E4BA8CE7BBB4E783AD',1,2,1,1),
	(1930,X'62336633343363622D323036382D343231332D363634642D626535396630393931613561','2020-04-24 03:01:49',X'7373',1,2,1,1),
	(1931,X'36393035643165662D396166652D343539302D356134642D666161646138376361376535','2020-04-24 03:06:21',X'736466',1,2,1,1),
	(1932,X'66353634633334662D346464392D346630322D353631642D373733356365613765383164','2020-04-24 03:06:22',X'736466',1,2,1,1),
	(1933,X'64346262346138382D396431322D346232362D346133352D653438376564613765623965','2020-04-24 03:06:23',X'736466',1,2,1,1),
	(1934,X'30623263623036312D303736302D343265612D376531642D666561356633363361613635','2020-04-24 03:06:23',X'736466',1,2,1,1),
	(1935,X'34383863633431662D626637322D346436312D363732352D373031306463346662623033','2020-04-24 03:07:01',X'32313131',1,2,1,1),
	(1936,X'30633965666630302D333236382D343564352D353633372D333163356464616133626330','2020-04-24 03:07:43',X'3333',1,2,1,1),
	(1937,X'39323536373938322D393031302D346232622D363238312D343636386262346264373763','2020-04-24 03:09:01',X'333333',1,2,1,1),
	(1938,X'36666532366232392D323831622D343562302D353465302D346264363763613866633833','2020-04-24 03:09:01',X'333333',1,2,1,1),
	(1939,X'34343663613065612D666666332D346339312D343134352D393935336631393263613866','2020-04-24 03:09:02',X'333333',1,2,1,1),
	(1940,X'63343633643236382D353562312D346361322D346561332D303635386330383463393234','2020-04-24 03:11:11',X'3636',1,2,1,1),
	(1941,X'65653232323162652D326434622D343964612D346539652D623134363664383666356537','2020-04-24 03:11:12',X'3636',1,2,1,1),
	(1942,X'32613465316333622D363734312D343832302D376262302D343331306164616536333838','2020-04-24 03:11:12',X'3636',1,2,1,1),
	(1943,X'66313038363866642D313437372D346264352D373966352D613966386135323432373039','2020-04-24 03:11:29',X'3636',1,2,1,1),
	(1944,X'31366666323134322D653462312D343563632D343736632D333530623536333539323861','2020-04-24 03:11:33',X'3636',1,2,1,1),
	(1945,X'64356363663038642D636561312D343239322D363866352D363036333235653836626437','2020-04-24 03:17:43',X'E5A5BDE79A84',1,2,1,1),
	(1946,X'38643335333231362D326134372D343632332D366436332D643131313665613063356535','2020-04-24 03:18:10',X'E5BF83E5A5BDE79A84E9A29D',1,2,1,1),
	(1947,X'64346338643161302D386139642D346264642D353339642D343162343062666363376132','2020-04-24 03:24:31',X'E697A0E99D9EE698AF',1,2,1,1),
	(1948,X'39316336303139382D363632382D346237392D366464312D316435663761356330656265','2020-04-24 03:24:38',X'E697A0E99D9EE698AF3232',1,2,1,1),
	(1949,X'66323537333165392D643031392D343063652D376363642D626662373632653663643231','2020-04-24 03:30:04',X'E5B9B4E5908E',1,2,1,1),
	(1950,X'37613833623733632D633736322D346364652D366266622D373564396533333061393330','2020-04-24 03:33:40',X'3232',1,2,1,1),
	(1951,X'63663763373931612D613733382D343634322D346164332D346334366239333162346234','2020-04-24 03:33:44',X'3232333433',1,2,1,1),
	(1952,X'66383135666331312D653836612D346561662D356638662D343566613233336262363433','2020-04-24 03:33:52',X'68616F646520',1,2,1,1),
	(1953,X'39623764656432642D336538622D343635362D373231302D643362643166303261373732','2020-04-24 03:41:39',X'E68891E5BC80E4BA86',1,2,1,1),
	(1954,X'39366262323733372D303363642D343338642D353162342D383061633164386631356631','2020-04-24 03:42:24',X'E68891E69DA5E4BA86',1,2,1,1),
	(1955,X'65353737316661372D353536632D346534652D366631652D313232376538613136353862','2020-04-24 03:42:33',X'E68891E4B99FE69DA5E4BA86',2,1,1,1),
	(1956,X'35353164393039372D353637632D343161312D346133652D313462613362393862663839','2020-04-24 03:42:50',X'E5928BE4B988E8B4B9E4BA8B7A',1,2,1,1),
	(1957,X'37373363656530362D373562332D343937322D373630362D303736313163613732633634','2020-04-24 03:43:00',X'E4BDA0E8AFB4E591A2',2,1,1,1),
	(1958,X'38393634663966652D323734632D343135302D366663632D626133613533663562393537','2020-04-24 03:44:06',X'E5A5BDE4BA86E5958A',2,1,1,1),
	(1959,X'30333833383338392D313362302D343864382D376431382D323665643464363532396639','2020-04-24 03:44:13',X'E7BB88E4BA8EE5A5BDE4BA86',1,1,1,1),
	(1960,X'34343931653937302D623030622D346361662D366265622D383239323634383066663231','2020-04-24 03:44:26',X'E5A5BDE4BA86E5958A',2,1,1,1),
	(1961,X'37663133363932362D383862372D346331372D343532382D366665333064323631323337','2020-04-24 03:44:34',X'E7BB88E4BA8EE5A5BDE4BA86',1,1,1,1),
	(1962,X'38363931383336312D363564652D343739312D353631302D623736343830633730323264','2020-04-24 05:40:39',X'E5A5BDE79A840A',1,2,1,1),
	(1963,X'33303336313965362D316635372D343737312D366438342D656464616635633635626133','2020-04-24 05:40:57',X'E4BDA0E5A5BDE4BA86E59097',2,1,1,1),
	(1964,X'37343664326661632D313666662D343433612D353436392D373465366466653830633163','2020-04-24 05:41:05',X'E68891E4BA86E5958A',1,2,1,1),
	(1965,X'62653132333133302D386539302D346335382D343038372D323062373332643863333565','2020-04-24 05:41:13',X'E982A3E5B0B1E5A5BDE4BA86',2,1,1,1),
	(1966,X'38366661623933352D653866372D343739322D363237382D663033313361633832313731','2020-04-24 05:41:18',X'E595A6E595A6E595A6',1,2,1,1),
	(1967,X'31316163353463312D383465652D346534322D343634612D383836383361636364643961','2020-04-24 05:41:51',X'E8BF98E59CA8E4B88DE59CA8',2,1,1,1),
	(1968,X'32383032663131322D383131302D343264652D363637302D633136656334666139633334','2020-04-24 05:42:06',X'E79C8BE69DA5E698AFE4B88DE59CA8E4BA86',2,1,1,1),
	(1969,X'65623738376639662D303064662D343434372D366132622D616636303133376635356536','2020-04-24 06:01:34',X'E4BDA0E5A5BDE5958A',1,2,1,1),
	(1970,X'31303736613638322D393839392D343337392D353239342D393638393238393738323236','2020-04-24 06:01:41',X'E4BDA0E4B99FE5A5BDE5958A',2,1,1,1),
	(1971,X'33616236363539302D343630322D343461632D376464312D323834366436306365383133','2020-04-24 07:30:00','',1,1,1,1),
	(1972,X'30626137613133622D336133632D343762322D366234622D396330333938356632636430','2020-04-24 07:30:02','',1,1,1,1),
	(1973,X'63663636376566612D386261342D346664332D353732392D383036396563366232323539','2020-04-24 07:30:05','',1,1,1,1),
	(1974,X'30303539373739302D633631312D343236312D376538662D616432613335366239656138','2020-04-24 07:30:12','',1,1,1,1),
	(1975,X'36306437393031382D383864322D343036342D363661332D613962336461663534343065','2020-04-25 01:33:16',X'777777',1,4,1,1),
	(1976,X'39376237303839302D646232642D343338662D356464362D633030613066363464623664','2020-04-25 01:33:28',X'33333233',1,4,1,1),
	(1977,X'65376631646638322D333237382D343631652D363930302D373961613933386333336165','2020-04-25 02:50:54',X'343434',1,2,1,1),
	(1978,X'32336330616134312D353235642D343438302D356639362D333438613731386439613936','2020-04-25 08:49:20',X'E4BDA0E5A5BD',1,1,1,1),
	(1979,X'62383161373532622D356466662D343034392D353337312D303637636136643635383433','2020-04-25 08:50:24',X'E4BDA0E5A5BD73',1,2,1,1),
	(1980,X'37636462373661362D356430652D346261352D373830302D366230613333336261353438','2020-04-25 08:50:41',X'E4BDA0E5A5BD733737',1,2,1,1),
	(1981,X'32306332636166622D636664642D343430662D346163322D663039363261623563613565','2020-04-25 08:51:59',X'E78EB0E59CA8E5928BE4B988E8AFB4',2,1,1,1),
	(1982,X'38356465386663392D636237662D346664372D373766612D376165313764663561306431','2020-04-25 08:55:26',X'373737',2,1,1,1),
	(1983,X'30653866306331642D643266642D343362312D376631622D313136333130653863393139','2020-04-25 08:55:55',X'363636',2,1,1,1),
	(1984,X'65303361313463362D613537642D346438322D373161352D653439653435666430333139','2020-04-25 08:57:13',X'E78EB0E59CA8E8BF98E8B5B0E4BA86',2,1,1,1),
	(1985,X'36313335633463332D636263662D343166632D373766662D373263616237613435356565','2020-04-25 14:04:58',X'323232',1,4,1,1),
	(1986,X'38363161323766312D623431372D346661622D363761332D343432613337623833383163','2020-04-25 14:07:01',X'E4BDA0E5A5BDE5958A',1,2,1,1),
	(1987,X'61356534303031342D383132342D343830322D346432362D396365646438643462333063','2020-04-25 14:08:31',X'E7BE8EE5A5B3E4BDA0E5A5BD',1,7,1,1),
	(1988,X'61373961376237372D623162652D343061382D356238382D616631653564353961346539','2020-04-25 14:09:08',X'E4B8BAE595A5E698AFE4B8A4E69DA1',1,7,1,1),
	(1989,X'36616634346661352D656230622D343935342D353262612D653830356538346563613663','2020-04-25 14:09:22',X'313131',1,7,1,1),
	(1990,X'32393738643362622D336338362D343230662D366430362D333165373037393165333435','2020-04-25 14:41:35',X'E4BDA0E5A5BDE5958A',2,7,1,1),
	(1991,X'37386230336661372D343437302D343034332D346233352D323831393734643765393837','2020-04-25 14:41:47',X'E4BDA0E5A5BDE68891E698AFE4BDA0E79A84E5A5BDE58F8B',7,2,1,1),
	(1992,X'36323534343636362D316264662D343432662D346164632D376130653964316139643038','2020-04-25 14:45:57',X'3635343635',2,1,1,1),
	(1993,X'32303561633330382D396466662D346264632D366336622D636437643830646164653866','2020-04-25 14:46:00',X'393939',2,1,1,1),
	(1994,X'66336135326363312D653162392D346636302D343666632D366538646166656266666631','2020-04-26 09:33:11',X'E4BDA0E5A5BDE5958A',1,4,1,1),
	(1995,X'39653663316136302D653866352D343331642D346362622D643137303638623939383033','2020-04-26 11:57:04',X'E4BDA0E5A5BDE5958A',1,1,1,1),
	(1996,X'31616233393930382D643262362D343062652D356439352D663966616261316162653966','2020-04-26 11:57:17',X'E4BB80E4B988E68385E586B5E5958A',1,2,1,1),
	(1997,X'66316431363836392D343736362D346437612D343733352D303332313432333831616534','2020-04-26 11:57:23',X'363636',1,2,1,1),
	(1998,X'66623034616136622D303063352D346363362D353930632D616133326566353664326535','2020-04-26 13:32:54',X'E4BDA0E59CA8E593AAE9878C',1,2,1,1),
	(1999,X'35353632333830322D383836622D343634372D363330662D363034363763323263373434','2020-04-26 13:33:06',X'E68891E4B99FE4B88DE6B885E6A59A',1,2,1,1),
	(2000,X'65383161303065312D323531612D343661372D363461352D346262646363343937396231','2020-04-27 21:47:09',X'E68891E698AFE4B88DE79FA5E98193E4BDA0E683B3E4BB80E4B988',1,2,1,1),
	(2001,X'34613964366365632D333766302D346438392D353934362D613935646432343931663665','2020-04-27 21:47:19',X'E68891E4B88DE683B3E79FA5E98193',2,1,1,1),
	(2002,X'64643631666339312D326435662D343939372D373937392D333838313138343639613565','2020-04-27 21:47:25',X'E68891E4B99FE6AF94E8BE83E997B2E5958A',1,2,1,1),
	(2003,X'38323463313631302D636130342D343662382D373037652D633462333532626238356237','2020-04-27 21:47:28',X'363636',2,1,1,1),
	(2004,X'63323537326162352D653830372D343366332D376237302D643964306436336138313963','2020-04-27 21:47:40',X'E5A5BDE4B985E4B88DE8A781E4BA86',2,7,1,1),
	(2005,X'35626461393439642D646463322D343662352D353932632D666266303066396234323263','2020-04-27 22:50:02',X'373737',1,7,1,1);

/*!40000 ALTER TABLE `chat_records` ENABLE KEYS */;
UNLOCK TABLES;


# Dump of table last_records
# ------------------------------------------------------------

DROP TABLE IF EXISTS `last_records`;

CREATE TABLE `last_records` (
  `id` int(11) unsigned NOT NULL AUTO_INCREMENT,
  `send_time` timestamp NOT NULL DEFAULT CURRENT_TIMESTAMP ON UPDATE CURRENT_TIMESTAMP,
  `from_id` int(11) NOT NULL,
  `to_id` int(11) NOT NULL,
  `content` text NOT NULL,
  `type` int(1) NOT NULL DEFAULT '1',
  `send_name` char(20) NOT NULL DEFAULT '',
  `content_type` int(1) NOT NULL DEFAULT '1' COMMENT '内容类型1文本2图片3文件4系统通知',
  PRIMARY KEY (`id`)
) ENGINE=InnoDB DEFAULT CHARSET=utf8;

LOCK TABLES `last_records` WRITE;
/*!40000 ALTER TABLE `last_records` DISABLE KEYS */;

INSERT INTO `last_records` (`id`, `send_time`, `from_id`, `to_id`, `content`, `type`, `send_name`, `content_type`)
VALUES
	(237,'2020-04-26 09:33:11',1,4,'你好啊',1,'curry',1),
	(238,'2020-04-26 11:57:04',1,1,'你好啊',1,'curry',1),
	(246,'2020-04-27 21:47:28',2,1,'666',1,'wuqinqiang',1),
	(247,'2020-04-27 21:47:40',2,7,'好久不见了',1,'wuqinqiang',1),
	(248,'2020-04-27 22:50:02',1,7,'777',1,'curry',1);

/*!40000 ALTER TABLE `last_records` ENABLE KEYS */;
UNLOCK TABLES;


# Dump of table messages
# ------------------------------------------------------------

DROP TABLE IF EXISTS `messages`;

CREATE TABLE `messages` (
  `id` bigint(20) unsigned NOT NULL AUTO_INCREMENT,
  `uuid` varchar(64) NOT NULL,
  `message` text,
  `user_name` varchar(255) DEFAULT NULL,
  `type` int(11) DEFAULT '1',
  `ip` varchar(20) DEFAULT NULL,
  `user_id` int(11) DEFAULT NULL,
  `created_at` timestamp NOT NULL DEFAULT CURRENT_TIMESTAMP ON UPDATE CURRENT_TIMESTAMP,
  PRIMARY KEY (`id`),
  UNIQUE KEY `id` (`id`),
  UNIQUE KEY `uuid` (`uuid`)
) ENGINE=InnoDB DEFAULT CHARSET=utf8mb4;

LOCK TABLES `messages` WRITE;
/*!40000 ALTER TABLE `messages` DISABLE KEYS */;

INSERT INTO `messages` (`id`, `uuid`, `message`, `user_name`, `type`, `ip`, `user_id`, `created_at`)
VALUES
	(25,'a7870cb6-4020-43db-7646-6f777c5155cb','555','curry',2,'::1',1,'2020-04-17 16:46:49'),
	(26,'83b2ee70-fecc-464e-4652-d95ba7919d3c','你好啊 我是吴亲强','wuqinqiang',2,'::1',2,'2020-04-17 16:48:11'),
	(27,'9ce0b268-e41d-4db9-5d30-e242dd170821','年后啊','wuqinqiang',2,'::1',2,'2020-04-18 01:33:04'),
	(87,'cf686668-4b4f-4d93-6a76-3c2b75c71130','sfdss','wuqinqiang',2,'::1',2,'2020-04-18 02:56:12'),
	(88,'4e48818b-a56f-430f-494d-2c953fc353d7','dvd','wuqinqiang',2,'::1',2,'2020-04-18 02:56:41'),
	(89,'3b961bb4-86ba-4408-4047-17f6d12b3b6a','e4e','curry',2,'::1',1,'2020-04-18 03:00:05'),
	(90,'824a9a04-b226-4081-6580-b8db56e4de74','3333','curry',2,'127.0.0.1',1,'2020-04-18 03:00:21'),
	(91,'8a0dc214-d27c-4d8d-5b61-04505883b023','dvfd','curry',2,'::1',1,'2020-04-18 03:01:20'),
	(92,'b73952d7-15b4-4691-4ebb-8d60bb130134','dfv','curry',2,'::1',1,'2020-04-18 03:01:41'),
	(93,'47f3b55e-6982-484c-7c5d-cd86361e77d3','fvfd','curry',2,'::1',1,'2020-04-18 03:06:52'),
	(116,'a10371eb-6992-4361-4557-13980f475b79','hao are you ','wuqinqiang',2,'127.0.0.1',2,'2020-04-18 04:46:37'),
	(117,'458aaf04-9c6b-4ee0-6df2-4ed84e55fa12','你好啊','wuqinqiang',2,'127.0.0.1',2,'2020-04-18 04:47:02'),
	(121,'153da1dd-12ae-436e-4a9d-0d6acf1ed260','刚发的','curry',2,'::1',1,'2020-04-18 04:58:59'),
	(122,'d90a8fd9-b466-4ada-7244-e1b0d03e7cdf','老何好啊','curry',2,'::1',1,'2020-04-18 06:02:25'),
	(123,'3513c905-cee1-44e7-7fa9-67854ec3cfbb','妮子啊干啊','curry',2,'::1',1,'2020-04-18 06:04:01'),
	(124,'8745eb89-6a0b-4707-60e1-b3dfa4602115','你好啊','curry',2,'::1',1,'2020-04-18 06:05:01'),
	(125,'d9c50a6d-3f77-47a6-7030-0dfb6dc882b9','你再干啊','curry',2,'::1',1,'2020-04-18 06:05:19'),
	(167,'89558a67-f076-44af-6708-3e7f021bdb59','66','curry',5,'::1',1,'2020-04-22 15:06:31'),
	(168,'c928f7b5-eb2b-44b9-4315-38896a941c11','666','curry',5,'::1',1,'2020-04-24 02:49:56'),
	(169,'0671c4bc-baa0-49f1-74c2-6c193a1b416e','222','curry',5,'::1',1,'2020-04-24 02:50:07'),
	(170,'fe38912e-bc8e-4e47-78bc-54754d0e5847','444','curry',5,'::1',1,'2020-04-24 02:50:16'),
	(171,'51afe922-d2c1-4ed1-7a87-47bbe27418ca','999','curry',5,'::1',1,'2020-04-24 02:50:23'),
	(172,'144d55d5-e38e-4d62-618b-0faeced27cc6','888','curry',5,'::1',1,'2020-04-24 02:51:14'),
	(173,'e1369e95-b953-4df5-50ec-c1732ed81db5','657','curry',5,'::1',1,'2020-04-24 02:51:25'),
	(174,'c151695b-45da-433c-7307-91a271ecff49','766','curry',5,'::1',1,'2020-04-24 02:52:41'),
	(175,'08a62012-4c0a-4201-7dc0-81aa57284902','987','curry',5,'::1',1,'2020-04-24 02:52:48'),
	(176,'63aa2133-b589-4fe9-51bb-64b86dd471b3','987','curry',5,'::1',1,'2020-04-24 02:52:52'),
	(177,'510d2e15-b8e8-41e9-4f82-4f2a35a1765e',' a aa','curry',5,'::1',1,'2020-04-25 13:56:00');

/*!40000 ALTER TABLE `messages` ENABLE KEYS */;
UNLOCK TABLES;


# Dump of table posts
# ------------------------------------------------------------

DROP TABLE IF EXISTS `posts`;

CREATE TABLE `posts` (
  `id` bigint(20) unsigned NOT NULL AUTO_INCREMENT,
  `uuid` varchar(64) NOT NULL,
  `body` text,
  `user_id` int(11) DEFAULT NULL,
  `thread_id` int(11) DEFAULT NULL,
  `created_at` timestamp NOT NULL DEFAULT CURRENT_TIMESTAMP ON UPDATE CURRENT_TIMESTAMP,
  PRIMARY KEY (`id`),
  UNIQUE KEY `id` (`id`),
  UNIQUE KEY `uuid` (`uuid`)
) ENGINE=InnoDB DEFAULT CHARSET=utf8mb4;

LOCK TABLES `posts` WRITE;
/*!40000 ALTER TABLE `posts` DISABLE KEYS */;

INSERT INTO `posts` (`id`, `uuid`, `body`, `user_id`, `thread_id`, `created_at`)
VALUES
	(1,'74f10afa-77ef-4c80-64c6-8de56502c4bc','准备好了额吗',1,2,'2020-04-16 13:29:51'),
	(2,'abc631a6-9b2e-4816-4139-59f330e0ffee','差不多了',1,2,'2020-04-16 13:30:14'),
	(3,'f513aba2-44a6-4c19-6917-9052de5e7b9f','fds',1,6,'2020-04-17 10:05:41'),
	(4,'744685ff-f88f-4c38-792f-1fd9051cb049','vdsv',1,6,'2020-04-17 10:05:51'),
	(5,'3673a58c-5d1c-42ab-5a00-71cb5d480d87','dd',1,6,'2020-04-17 10:44:22'),
	(6,'5e0d1f62-7b1c-411b-6750-beef8c31ae45','asfs',1,4,'2020-04-18 06:20:10');

/*!40000 ALTER TABLE `posts` ENABLE KEYS */;
UNLOCK TABLES;


# Dump of table sessions
# ------------------------------------------------------------

DROP TABLE IF EXISTS `sessions`;

CREATE TABLE `sessions` (
  `id` bigint(20) unsigned NOT NULL AUTO_INCREMENT,
  `uuid` varchar(64) NOT NULL,
  `email` varchar(255) DEFAULT NULL,
  `user_id` int(11) DEFAULT NULL,
  `created_at` timestamp NOT NULL DEFAULT CURRENT_TIMESTAMP ON UPDATE CURRENT_TIMESTAMP,
  PRIMARY KEY (`id`),
  UNIQUE KEY `id` (`id`),
  UNIQUE KEY `uuid` (`uuid`)
) ENGINE=InnoDB DEFAULT CHARSET=utf8mb4;

LOCK TABLES `sessions` WRITE;
/*!40000 ALTER TABLE `sessions` DISABLE KEYS */;

INSERT INTO `sessions` (`id`, `uuid`, `email`, `user_id`, `created_at`)
VALUES
	(1,'d7607c63-e4d0-459f-6b49-870ea70c76de','123@qq.com',1,'2020-04-16 10:12:46'),
	(5,'6d81a163-6060-4fc7-6613-8d940b2d210e','123@qq.com',1,'2020-04-17 09:28:57'),
	(6,'c4d03a6a-7700-43bc-7291-c45612b98058','111@qq.com',2,'2020-04-17 14:54:28'),
	(7,'20c2b3d7-c66d-4f69-5cc8-4fb177ade76d','123@qq.com',1,'2020-04-17 16:29:01'),
	(8,'2789db46-8fc1-41e9-7584-1e5d677f486a','123@qq.com',1,'2020-04-17 16:29:15'),
	(9,'20a073b5-5da5-4c64-7fc9-f4fc86fa53d2','123@qq.com',1,'2020-04-17 16:29:47'),
	(10,'7d284f78-9529-41bc-77c4-f64cbf8b0706','123@qq.com',1,'2020-04-17 16:32:30'),
	(11,'2c773b1b-b656-4bad-4936-84747964bacb','123@qq.com',1,'2020-04-17 16:33:54'),
	(12,'d27291a0-eb43-4b35-4c54-337b2f2db612','123@qq.com',1,'2020-04-17 16:36:55'),
	(14,'a553800c-70a6-4a8f-4ba3-f5de6606b896','111@qq.com',2,'2020-04-17 16:47:57'),
	(17,'38b34ca3-4ad5-496d-4196-4df16f362cdf','111@qq.com',2,'2020-04-18 04:46:13'),
	(18,'88292e32-ce57-4204-6427-748ec179772e','123@qq.com',1,'2020-04-18 06:34:38'),
	(20,'c1999db5-a0f7-410c-7daf-23b4dcd8a53a','123@qq.com',1,'2020-04-22 06:19:59'),
	(23,'3d05132d-2234-4fa8-5fed-ecdfb6007c32','111@qq.com',2,'2020-04-22 15:16:11'),
	(28,'56ba4c5c-e8b2-403d-7522-5363ae69431a','123@qq.com',1,'2020-04-23 14:01:33'),
	(29,'f30f9af6-3bf3-4740-6ce7-bcd67363f55b','111@qq.com',2,'2020-04-23 14:04:21'),
	(31,'24b72134-02fa-4388-46e5-9ccc4fbb147b','111@qq.com',2,'2020-04-24 03:16:27'),
	(38,'2b20ece5-8c09-45ce-67c9-668d553d61c9','3456@qq.com',7,'2020-04-25 14:08:10'),
	(40,'5f936465-1402-46da-5ab1-648fa6cae57d','123@qq.com',1,'2020-04-25 14:46:11'),
	(41,'c803c5eb-2102-4458-52bb-2beb696e1f93','123@qq.com',1,'2020-04-26 09:30:34'),
	(42,'ed0dc2cf-2174-4555-4ad1-8d8759ff3ef9','123@qq.com',1,'2020-04-26 09:30:49'),
	(43,'6254f4c5-4671-4fce-5c9e-7139208e9f42','123@qq.com',1,'2020-04-26 10:07:22'),
	(44,'cabd61e1-e9a9-4a3a-420b-2fcbcff1e9fc','123@qq.com',1,'2020-04-26 11:55:18'),
	(45,'e84d61d3-628d-4be9-4345-5ce8ae28f7c8','123@qq.com',1,'2020-04-26 13:08:31'),
	(46,'2453cf65-0550-46c1-6608-495f0704a824','111@qq.com',2,'2020-04-26 13:15:31'),
	(51,'5a11f952-f866-40f0-4cd8-341291fb873e','test6@qq.com',15,'2020-04-27 13:52:54'),
	(52,'effb4be5-0f37-462c-5573-06b798d7d04f','test2@qq.com',11,'2020-04-27 15:49:53');

/*!40000 ALTER TABLE `sessions` ENABLE KEYS */;
UNLOCK TABLES;


# Dump of table threads
# ------------------------------------------------------------

DROP TABLE IF EXISTS `threads`;

CREATE TABLE `threads` (
  `id` bigint(20) unsigned NOT NULL AUTO_INCREMENT,
  `uuid` varchar(64) NOT NULL,
  `topic` text,
  `user_id` int(11) DEFAULT NULL,
  `created_at` timestamp NOT NULL DEFAULT CURRENT_TIMESTAMP ON UPDATE CURRENT_TIMESTAMP,
  PRIMARY KEY (`id`),
  UNIQUE KEY `id` (`id`),
  UNIQUE KEY `uuid` (`uuid`)
) ENGINE=InnoDB DEFAULT CHARSET=utf8mb4;

LOCK TABLES `threads` WRITE;
/*!40000 ALTER TABLE `threads` DISABLE KEYS */;

INSERT INTO `threads` (`id`, `uuid`, `topic`, `user_id`, `created_at`)
VALUES
	(1,'b6f487a6-9d16-4de5-5d0f-c7406bd52f57','ascsffsf',1,'2020-04-16 13:08:02'),
	(2,'26672b96-cf6b-46bc-687e-5df38fd88bae','hao are you',1,'2020-04-16 13:08:35'),
	(3,'50bdbc2a-6d81-4aba-58df-8afbb20bc3b1','',1,'2020-04-16 13:29:17'),
	(4,'1ec53c13-a895-4dd3-74cf-f1be9d2302fb','',1,'2020-04-17 09:52:21'),
	(5,'f211b86f-34c5-463f-4462-fcb8a0be8807','',1,'2020-04-17 09:52:34'),
	(6,'287eaba4-a003-4375-712b-583c8cc5bf65','',1,'2020-04-17 09:53:33');

/*!40000 ALTER TABLE `threads` ENABLE KEYS */;
UNLOCK TABLES;


# Dump of table user_friends
# ------------------------------------------------------------

DROP TABLE IF EXISTS `user_friends`;

CREATE TABLE `user_friends` (
  `id` int(11) unsigned NOT NULL AUTO_INCREMENT,
  `user_id` int(11) DEFAULT NULL,
  `friend_id` int(11) DEFAULT NULL,
  `friend_name` char(20) DEFAULT NULL,
  `unread_message` int(11) DEFAULT '0',
  PRIMARY KEY (`id`)
) ENGINE=InnoDB DEFAULT CHARSET=utf8;

LOCK TABLES `user_friends` WRITE;
/*!40000 ALTER TABLE `user_friends` DISABLE KEYS */;

INSERT INTO `user_friends` (`id`, `user_id`, `friend_id`, `friend_name`, `unread_message`)
VALUES
	(12,1,2,'wuqinqiang',0),
	(13,1,4,'remember',2),
	(14,2,1,'curry',0),
	(25,7,1,'curry',1),
	(26,1,7,'lisi',0),
	(27,7,2,'wuqinqiang',1),
	(28,2,7,'lisi',0),
	(29,1,15,'test6',0),
	(30,15,1,'curry',0);

/*!40000 ALTER TABLE `user_friends` ENABLE KEYS */;
UNLOCK TABLES;


# Dump of table users
# ------------------------------------------------------------

DROP TABLE IF EXISTS `users`;

CREATE TABLE `users` (
  `id` bigint(20) unsigned NOT NULL AUTO_INCREMENT,
  `uuid` varchar(64) NOT NULL,
  `name` varchar(255) DEFAULT NULL,
  `email` varchar(255) NOT NULL,
  `password` varchar(255) NOT NULL,
  `created_at` timestamp NOT NULL DEFAULT CURRENT_TIMESTAMP ON UPDATE CURRENT_TIMESTAMP,
  PRIMARY KEY (`id`),
  UNIQUE KEY `id` (`id`),
  UNIQUE KEY `uuid` (`uuid`),
  UNIQUE KEY `email` (`email`)
) ENGINE=InnoDB DEFAULT CHARSET=utf8mb4;

LOCK TABLES `users` WRITE;
/*!40000 ALTER TABLE `users` DISABLE KEYS */;

INSERT INTO `users` (`id`, `uuid`, `name`, `email`, `password`, `created_at`)
VALUES
	(1,'f5872c31-aed1-4530-4927-3f35650761d7','curry','curry@qq.com','7c4a8d09ca3762af61e59520943dc26494f8941b','2020-04-27 23:34:05'),
	(2,'44d6ab7a-0708-4c73-4d48-17f111693b54','wuqinqiang','wuqinqiang@qq.com','7c4a8d09ca3762af61e59520943dc26494f8941b','2020-04-27 23:34:13'),
	(4,'3fbcbd2e-0de0-4039-6ac8-a5aad926b71c','remember','remember@qq.com','7c4a8d09ca3762af61e59520943dc26494f8941b','2020-04-27 23:34:19'),
	(6,'3fbcbd2e-0de0-4039-6bc8-a5aad926b71c','zhangsan','345@qq.com','7c4a8d09ca3762af61e59520943dc26494f8941b','2020-04-25 02:26:56'),
	(7,'3fbcbd2e-0de0-4021-6bc8-a5aad926b71c','lisi','3456@qq.com','7c4a8d09ca3762af61e59520943dc26494f8941b','2020-04-25 02:26:56'),
	(8,'3fbcbd2e-0de0-4021-6bc7-a5aad926b71c','wanger','45678@qq.com','7c4a8d09ca3762af61e59520943dc26494f8941b','2020-04-25 02:26:56'),
	(9,'3fbcbd2e-0de0-5021-6bc7-a5aad926b71c','mazi','999@qq.com','7c4a8d09ca3762af61e59520943dc26494f8941b','2020-04-25 02:26:56'),
	(10,'4d0a2a25-93ae-4031-5b4e-56e020909906','test1','test1@qq.com','7c4a8d09ca3762af61e59520943dc26494f8941b','2020-04-27 13:48:31'),
	(11,'4d0a2a25-93ae-4031-5b4e-56e020919906','test2','test2@qq.com','7c4a8d09ca3762af61e59520943dc26494f8941b','2020-04-27 13:48:31'),
	(12,'4d0a2a25-93ae-4131-5b4e-56e020919906','test3','test3@qq.com','7c4a8d09ca3762af61e59520943dc26494f8941b','2020-04-27 13:48:31'),
	(13,'4d0a2a25-93ae-4151-5b4e-56e020919906','test4','test4@qq.com','7c4a8d09ca3762af61e59520943dc26494f8941b','2020-04-27 13:48:31'),
	(14,'4d0a2a25-93ae-4151-5b4e-56e021919906','test5','test5@qq.com','7c4a8d09ca3762af61e59520943dc26494f8941b','2020-04-27 21:50:24'),
	(15,'4d0a2a25-93ae-4152-5b4e-56e021919906','test6','test6@qq.com','7c4a8d09ca3762af61e59520943dc26494f8941b','2020-04-27 21:50:02'),
	(16,'4d0a2a25-93ae-4152-5b4e-56e022919906','test7','test7@qq.com','7c4a8d09ca3762af61e59520943dc26494f8941b','2020-04-27 21:50:02'),
	(17,'4d0a2a25-93ae-4152-5b4e-16e022919906','test8','test8@qq.com','7c4a8d09ca3762af61e59520943dc26494f8941b','2020-04-27 21:50:02'),
	(19,'4d0a2a25-93ae-4162-5b4e-16e022919906','test9','test9@qq.com','7c4a8d09ca3762af61e59520943dc26494f8941b','2020-04-27 21:50:02');

/*!40000 ALTER TABLE `users` ENABLE KEYS */;
UNLOCK TABLES;



/*!40111 SET SQL_NOTES=@OLD_SQL_NOTES */;
/*!40101 SET SQL_MODE=@OLD_SQL_MODE */;
/*!40014 SET FOREIGN_KEY_CHECKS=@OLD_FOREIGN_KEY_CHECKS */;
/*!40101 SET CHARACTER_SET_CLIENT=@OLD_CHARACTER_SET_CLIENT */;
/*!40101 SET CHARACTER_SET_RESULTS=@OLD_CHARACTER_SET_RESULTS */;
/*!40101 SET COLLATION_CONNECTION=@OLD_COLLATION_CONNECTION */;
